pdb_id,uniprot,af_available,n_residues,radius_of_gyration,plddt_mean,plddt_median,frac_disordered,ss_helix,ss_sheet,ss_coil,sasa_total,sasa_hydrophobic,sasa_polar,sasa_hydrophobic_frac
7Q4B,P05067,True,770,39.035072181903125,,,0.0,0.37662337662337664,0.17142857142857143,0.45194805194805193,70481.60982012087,21875.86854500674,48605.74127511391,0.31037697068550335
2NAO,P05067,True,770,39.035072181903125,,,0.0,0.37662337662337664,0.17142857142857143,0.45194805194805193,70481.60982012087,21875.86854500674,48605.74127511391,0.31037697068550335
6W06,P05067,True,770,39.035072181903125,,,0.0,0.37662337662337664,0.17142857142857143,0.45194805194805193,70481.60982012087,21875.86854500674,48605.74127511391,0.31037697068550335
2M4J,P05067,True,770,39.035072181903125,,,0.0,0.37662337662337664,0.17142857142857143,0.45194805194805193,70481.60982012087,21875.86854500674,48605.74127511391,0.31037697068550335
8RRR,P37840,True,140,43.411766153700576,,,0.0,0.65,0.0,0.35,14827.285541873163,5715.487502150926,9111.798039722255,0.3854709269616505
6XYO,P37840,True,140,43.411766153700576,,,0.0,0.65,0.0,0.35,14827.285541873163,5715.487502150926,9111.798039722255,0.3854709269616505
7P6A,P10636,True,758,64.38404039731975,,,0.0,0.01978891820580475,0.2862796833773087,0.6939313984168866,99038.22297601012,24419.760464671606,74618.46251133834,0.24656904910931984
5O3L,P10636,True,758,64.38404039731975,,,0.0,0.01978891820580475,0.2862796833773087,0.6939313984168866,99038.22297601012,24419.760464671606,74618.46251133834,0.24656904910931984
7P0V,P61769,True,119,20.061689719883457,,,0.0,0.12605042016806722,0.3865546218487395,0.48739495798319327,8689.05182289281,2907.14973632052,5781.902086572285,0.3345761765007697
6GK3,P61769,True,119,20.061689719883457,,,0.0,0.12605042016806722,0.3865546218487395,0.48739495798319327,8689.05182289281,2907.14973632052,5781.902086572285,0.3345761765007697
